Ôªø"%s already exist","%s ŸÖŸàÿ¨ŸàÿØ ÿ®ÿßŸÑŸÅÿπŸÑ"
"%s already exists","%s ŸÖŸàÿ¨ŸàÿØ ÿ®ÿßŸÑŸÅÿπŸÑ"
"-- Please Select --","-- ŸÖŸÜ ŸÅÿ∂ŸÑŸÉ ÿßÿÆÿ™ÿ± --"
"Add Block Names to Hints","Add Block Names to Hints"
"Add Secret Key to URLs","Add Secret Key to URLs"
"Add Store Code to Urls","ÿ±ŸÖÿ≤ ÿßŸÑŸÖÿÆÿ≤ŸÜ ÿßÿ∂ÿßŸÅÿ© ÿßŸÑŸâ ÿπŸÜÿßŸàŸäŸÜ ÿßŸÑŸÖŸàÿßŸÇÿπ"
"Admin","Admin"
"Admin Base URL","Admin Base URL"
"Admin User Emails","Admin User Emails"
"Advanced","ŸÖÿ™ŸÇÿØŸÖ"
"Allow countries","ÿßŸÑÿ≥ŸÖÿßÿ≠ ŸÑŸÑÿØŸàŸÑ"
"Allowed IPs (comma separated)","ÿ≥ŸÖÿ≠ÿ™ ÿßŸÑŸÖÿ°ÿ≥ÿ≥Ÿá (ŸÖŸÅÿµŸàŸÑŸá ÿ®ŸÅŸàÿßÿµŸÑ)"
"Are you sure?","ŸáŸÑ ÿ£ŸÜÿ™ ŸÖÿ™ÿ£ŸÉÿØÿü"
"Back","ŸÑŸÑÿÆŸÑŸÅ"
"Backup options","Backup options"
"Base JavaScript URL","ŸÇÿßÿπÿØÿ© ŸÖŸàŸÇÿπ ÿ¨ÿßŸÅÿß ÿ≥ŸÉÿ±Ÿäÿ®ÿ™"""
"Base Link URL","ŸÇÿßÿπÿØÿ© ŸàÿµŸÑÿ© ÿßŸÑŸÖŸàŸÇÿπ"
"Base Media URL","ŸÖŸàŸÇÿπ ŸÇÿßÿπÿØÿ© Ÿàÿ≥ÿßÿ¶ŸÑ ÿßŸÑÿßÿπŸÑÿßŸÖ"
"Base Skin URL","ŸÖŸàŸÇÿπ ŸÇÿßÿπÿØÿ© ÿßŸÑÿ¨ŸÑÿØ"
"Base URL","ŸÇÿßÿπÿØÿ© ÿßŸÑŸÖŸàŸÇÿπ"
"Before modifying the store view code please make sure that it is not used in index.php","ŸÇÿ®ŸÑ ÿ™ÿπÿØŸäŸÑ ŸÇÿßŸÜŸàŸÜ ÿßŸÑŸÖÿ™ÿ¨ÿ± Ÿàÿ±ÿ£Ÿâ Ÿäÿ±ÿ¨Ÿâ ÿßŸÑÿ™ÿ£ŸÉÿØ ŸÖŸÜ ÿßŸÜŸáÿß ŸÑÿß ÿ™ÿ≥ÿ™ÿÆÿØŸÖ ŸÅŸä index.php"
"Before modifying the website code please make sure that it is not used in index.php","ŸÇÿ®ŸÑ ÿ™ÿπÿØŸäŸÑ ŸÇÿßŸÜŸàŸÜ ÿßŸÑŸÖŸàŸÇÿπ Ÿäÿ±ÿ¨Ÿâ ÿßŸÑÿ™ÿ£ŸÉÿØ ŸÖŸÜ ÿßŸÜŸáÿß ŸÑÿß ÿ™ÿ≥ÿ™ÿÆÿØŸÖ ŸÅŸä index.php"
"Block with name ""%s"" already exists","ŸÖÿ≥ÿßÿ≠ÿ© ÿ®ÿßŸÑÿßÿ≥ŸÖ ""%s""ÿ™ŸÖ ÿßŸäÿ¨ÿßÿØŸáÿß"
"Blocks HTML output","Blocks HTML output"
"Can't retrieve request object","ŸÑÿß ŸäŸÖŸÉŸÜ ÿßÿ≥ÿ™ÿ±ÿ¨ÿßÿπ Ÿàÿ¨ŸàŸá ÿßŸÑÿ∑ŸÑÿ®"
"Can't retrieve entity config: %s","ŸÑÿß ŸäŸÖŸÉŸÜ ÿßÿ≥ÿ™ÿ±ÿ¨ÿßÿπ ÿßŸÑŸÉŸäÿßŸÜ ÿ£ÿπÿØÿßÿØ: %s"
"Cancel","ÿ•ŸÑÿ∫ÿßÿ°"
"Cannot Delete Email Template","ŸÑÿß ŸäŸÖŸÉŸÜ ÿ≠ÿ∞ŸÅ ŸÇÿßŸÑÿ® ÿßŸÑÿ®ÿ±ŸäÿØ ÿßŸÑÿ•ŸÑŸÉÿ™ÿ±ŸàŸÜŸä"
"Cannot complete this operation from non-admin area.","Cannot complete this operation from non-admin area."
"Category object is required for determining product request path","Category object is required for determining product request path"
"Code","ŸÉŸàÿØ"
"Collections Data","Collections Data"
"Configuration","Configuration"
"Controller file was loaded but class does not exist","ŸàŸÉÿßŸÜ ÿßŸÑŸÖÿ±ÿßŸÇÿ® ÿßŸÑŸÖÿßŸÑŸä ÿ™ÿ≠ŸÖŸäŸÑ ÿßŸÑŸÖŸÑŸÅ ŸàŸÑŸÉŸÜ ŸÑÿß Ÿàÿ¨ŸàÿØ ÿßŸÑÿ∑ÿ®ŸÇÿ©"
"Cookie Domain","Cookie ÿßŸÑŸÖŸÑŸÉ"
"Cookie Lifetime","Cookie ÿßŸÑŸÖÿØŸá ÿßŸÑÿ≤ŸÖŸÜŸäÿ©"
"Cookie Path","Cookie ÿßŸÑÿ∑ÿ±ŸäŸÇ"
"Copyright","Copyright"
"Countries options","ÿÆŸäÿßÿ±ÿßÿ™ ÿßŸÑÿØŸàŸÑ"
"Create Store","ÿ•ŸÜÿ¥ÿßÿ° ŸÖÿ™ÿ¨ÿ±"
"Create Store View","ÿ•ŸÜÿ¥ÿßÿ° ÿπÿ±ÿ∂ ŸÖÿ™ÿ¨ÿ±"
"Create Website","ÿ•ŸÜÿ¥ÿßÿ° ŸÖŸàŸÇÿπ"
"Current package name","ÿßÿ≥ŸÖ ÿßŸÑŸÖÿ¨ŸÖŸàÿπÿ© ÿßŸÑÿ≠ÿßŸÑŸäÿ©"
"Custom Design","ÿ™ÿµŸÖŸäŸÖ ŸÖÿÆÿµÿµ"
"Custom admin URL","Custom admin URL"
"Custom email 1","ÿ®ÿ±ŸäÿØ ÿ•ŸÑŸÉÿ™ÿ±ŸàŸÜŸä ŸÖÿÆÿµÿµ 1"
"Custom email 2","ÿ®ÿ±ŸäÿØ ÿ•ŸÑŸÉÿ™ÿ±ŸàŸÜŸä ŸÖÿÆÿµÿµ 2"
"Customer support","ÿØÿπŸÖ ÿßŸÑÿπŸÖŸÑÿßÿ°"
"Date From","ÿßŸÑÿ™ÿßÿ±ŸäÿÆ ŸÖŸÜ"
"Date To","ÿßŸÑÿ™ÿßÿ±ŸäÿÆ ÿ•ŸÑŸâ"
"Date/time format ""%s"" is not supported.","Date/time format ""%s"" is not supported."
"Debug","ŸÜŸÇÿ≠"
"Default","ÿßŸÑÿßŸÅÿ™ÿ±ÿßÿ∂Ÿä"
"Default Description","Default Description"
"Default Keywords","Default Keywords"
"Default Pages","ÿßŸÑÿµŸÅÿ≠ÿßÿ™ ÿßŸÑÿßŸÅÿ™ÿ±ÿßÿ∂Ÿäÿ©"
"Default Robots","Default Robots"
"Default Store","ÿßŸÑŸÖÿ™ÿ¨ÿ± ÿßŸÑÿßŸÅÿ™ÿ±ÿßÿ∂Ÿä"
"Default Store View","ÿπÿ±ÿ∂ ÿßŸÑŸÖÿ™ÿ¨ÿ± ÿßŸÑÿßŸÅÿ™ÿ±ÿßÿ∂Ÿä"
"Default Title","Default Title"
"Default country","ÿßŸÑÿØŸàŸÑÿ© ÿßŸÑÿßŸÅÿ™ÿ±ÿßÿ∂Ÿäÿ©"
"Default no-route url","ŸÑÿß ÿßŸÑÿßŸÅÿ™ÿ±ÿßÿ∂ŸäŸá - ŸÖŸàŸÇÿπ ÿßŸÑÿ∑ÿ±ŸäŸÇ"
"Default web url","ÿßŸÑŸÖŸàŸÇÿπ ÿßŸÑÿßŸÅÿ™ÿ±ÿßÿ∂Ÿä"
"Delete","ÿ≠ÿ∞ŸÅ"
"Delete Store","ÿ≠ÿ∞ŸÅ ŸÖÿ™ÿ¨ÿ±"
"Delete Store View","ÿ≠ÿ∞ŸÅ ÿπÿ±ÿ∂ ŸÖÿ™ÿ¨ÿ±"
"Delete Website","ÿ≠ÿ∞ŸÅ ŸÖŸàŸÇÿπ"
"Deleting a %1$s will not delete the information associated with the %1$s (e.g. categories, products, etc.), but the %1$s will not be able to be restored. It is suggested that you create a database backup before deleting the %1$s.","Deleting a %1$s will not delete the information associated with the %1$s (e.g. categories, products, etc.), but the %1$s will not be able to be restored. It is suggested that you create a database backup before deleting the %1$s."
"Design","ÿ™ÿµŸÖŸäŸÖ"
"Design Change","ÿ™ÿ∫ŸäŸäÿ± ÿßŸÑÿ™ÿµŸÖŸäŸÖ"
"Developer","ŸÖÿ∑Ÿàÿ±"
"Developer Client Restrictions","ÿßŸÑŸÖÿ∑Ÿàÿ± ÿßŸÑÿπŸÖŸÑÿßÿ° ÿßŸÑŸÇŸäŸàÿØ"
"Disable email communications","ÿ•ŸÑÿ∫ÿßÿ° ÿ™ŸÅÿπŸäŸÑ ÿßŸÑÿ™ŸàÿßÿµŸÑ ÿπŸÜ ÿ∑ÿ±ŸäŸÇ ÿßŸÑÿ®ÿ±ŸäÿØ ÿßŸÑÿ•ŸÑŸÉÿ™ÿ±ŸàŸÜŸä"
"Disable modules output","ÿ™ÿπÿ∑ŸäŸÑ Ÿàÿ≠ÿØÿßÿ™ ÿßŸÑÿ•ŸÜÿ™ÿßÿ¨"
"Duplicate Of Template Code","ŸÜÿ≥ÿÆÿ© ÿ∑ÿ®ŸÇ ÿßŸÑÿßÿµŸÑ ŸÖŸÜ ŸÜŸÖŸàÿ∞ÿ¨ ŸÇÿßŸÜŸàŸÜ"
"Edit Design Change","ÿ™ÿ≠ÿ±Ÿäÿ± ÿ™ÿ∫ŸäŸäÿ± ÿßŸÑÿ™ÿµŸÖŸäŸÖ"
"Edit Store","ÿ™ÿ≠ÿ±Ÿäÿ± ŸÖÿ™ÿ¨ÿ±"
"Edit Store View","ÿ™ÿ≠ÿ±Ÿäÿ± ÿπÿ±ÿ∂ ÿßŸÑŸÖÿ™ÿ¨ÿ±"
"Edit Website","ÿ™ÿ≠ÿ±Ÿäÿ± ŸÖŸàŸÇÿπ"
"Empty identifier field name","ÿ•ŸÅÿ±ÿßÿ∫ ÿßÿ≥ŸÖ ÿ≠ŸÇŸÑ ÿßŸÑŸÖÿπÿ±ŸÅ"
"Empty main table name","ÿ•ŸÅÿ±ÿßÿ∫ ÿßÿ≥ŸÖ ÿßŸÑÿ¨ÿØŸàŸÑ ÿßŸÑÿ±ÿ¶Ÿäÿ≥Ÿä"
"Enabled","ŸÖŸÅÿπŸÑ"
"Enabled for Admin","ŸÖŸÅÿπŸÑ ŸÑŸÑŸÖÿØŸäÿ±"
"Enabled for Frontend","ŸÑÿ™ŸÖŸÉŸäŸÜ ÿßŸÑŸàÿßÿ¨Ÿáÿ©"
"Error in file: ""%s"" - %s","ÿÆÿ∑ÿ£ ŸÅŸä ÿßŸÑŸÖŸÑŸÅ: ""%s"" - %s"
"Error while saving. Please try again later.","ÿÆÿ∑ÿß ÿßÿ´ŸÜÿßÿ° ÿßŸÑÿßÿØÿÆÿßÿ±. Ÿäÿ±ÿ¨Ÿâ ÿßÿπÿßÿØÿ© ÿßŸÑŸÖÿ≠ÿßŸàŸÑŸá ŸÑÿßÿ≠ŸÇÿß."
"Error: Passwords do not match","Error: Passwords do not match"
"Exceptions Log File Name","Exceptions Log File Name"
"First Day of Week","First Day of Week"
"Footer","Footer"
"Forgot Password Email Sender","ŸÜÿ≥Ÿäÿ™ ŸÉŸÑŸÖÿ© ÿßŸÑÿ≥ÿ± ÿßŸÑÿ®ÿ±ŸäÿØ ÿßŸÑÿßŸÑŸÉÿ™ÿ±ŸàŸÜŸä ŸÑŸÑŸÖÿ±ÿ≥ŸÑ"
"Forgot Password Email Template","ŸÜÿ≥Ÿäÿ™ ŸÉŸÑŸÖÿ© ÿßŸÑÿ≥ÿ± ÿßŸÑÿ®ÿ±ŸäÿØ ÿßŸÑÿßŸÑŸÉÿ™ÿ±ŸàŸÜŸä ŸÇÿßŸÑÿ®"
"General","ÿπÿßŸÖ"
"General Settings","ÿ•ÿπÿØÿßÿØÿßÿ™ ÿπÿßŸÖÿ©"
"General contact","ÿßÿ™ÿµÿßŸÑÿßÿ™ ÿπÿßŸÖÿ©"
"Global","ÿπÿßŸÑŸÖŸä"
"HTML Head","HTML Head"
"Header","Header"
"Host","ÿßŸÑŸÖÿ∂ŸäŸÅ"
"Id path for specified store","ÿ±ŸÇŸÖ ÿ™ÿπÿ±ŸäŸÅ ÿßŸÑŸÖÿ≥ÿßÿ± ÿßŸÑŸÖÿ≠ÿØÿØ ŸÑŸÑÿ™ÿÆÿ≤ŸäŸÜ"
"Incorrect credit card expiration date","Incorrect credit card expiration date"
"Invalid base url type","ŸÜŸàÿπ ŸÇÿßÿπÿØÿ© ÿßŸÑŸÖŸàŸÇÿπ ÿ∫Ÿäÿ± ÿµÿ≠Ÿäÿ≠ÿ©"
"Invalid block name to set child %s: %s","ŸÉÿ™ŸÑÿ© ÿ∫Ÿäÿ± ÿµÿßŸÑÿ≠ÿ© ŸÑŸàÿ∂ÿπ ÿßÿ≥ŸÖ ÿßŸÑÿ∑ŸÅŸÑ %s: %s"
"Invalid block type: %s","ÿ∫Ÿäÿ± ÿµÿ≠Ÿäÿ≠ ŸÖŸÜ ÿßŸÑŸÜŸàÿπ (ÿ®ŸÑŸàŸÉ: %s"
"Invalid block: %s","ŸÖÿ≥ÿßÿ≠ÿ© ÿ∫Ÿäÿ± ŸÖŸÖŸÉŸÜŸá: %s"
"Invalid layout update argument, expected Mage_Core_Model_Layout_Element","ÿ™ÿ≠ÿØŸäÿ´ ÿßŸÑÿ≠ÿ¨Ÿá ÿ∫Ÿäÿ± ÿµÿ≠Ÿäÿ≠ÿ© ÿßŸÑŸÜÿ≥ŸÇ ÿå ŸÖŸÜ ÿßŸÑŸÖÿ™ŸàŸÇÿπ ÿßŸÜ mage_core_model_layout_element"
"Invalid layout update handle","ÿ™ÿ≠ÿØŸäÿ´ ŸÜÿ≥ŸÇ ÿßŸÑÿ™ÿπÿßŸÖŸÑ ŸÖÿπ ÿ∫Ÿäÿ± ÿµÿßŸÑÿ≠ÿ©"
"Invalid messages storage ""%s"" for layout messages initialization","ŸÖÿÆÿ≤ŸÜ ÿßŸÑÿ±ÿ≥ÿßÿ¶ŸÑ ÿπÿßÿ¨ÿ≤Ÿá ""%s"" ÿßŸÑÿ™ŸáŸäÿ°Ÿá ŸÑÿ™ÿµŸÖŸäŸÖ ÿ±ÿ≥ÿßÿ¶ŸÑ"
"Invalid transactional email code: ","ŸÇÿßŸÜŸàŸÜ ÿßŸÑŸÖÿπÿßŸÖŸÑÿßÿ™ ÿßŸÑÿ®ÿ±ŸäÿØ ÿßŸÑÿßŸÑŸÉÿ™ÿ±ŸàŸÜŸä ÿ∫Ÿäÿ± ÿµÿ≠Ÿäÿ≠: "
"Invalid websites configuration path: %s","ŸÖŸàÿßŸÇÿπ ÿ∫Ÿäÿ± ÿµÿßŸÑÿ≠ÿ© ÿ∑ÿ±ŸäŸÇ ÿßŸÑÿ™ŸÉŸàŸäŸÜ: %s"
"Layout","ÿ™ÿÆÿ∑Ÿäÿ∑"
"Layouts","Layouts"
"Leave empty for access from any location","ÿßÿ™ÿ±ŸÉ ŸÅÿßÿ±ÿ∫ÿß ŸÑŸÑŸàÿµŸàŸÑ ŸÖŸÜ ÿ£Ÿä ŸÖŸàŸÇÿπ"
"Locale","ŸÖÿ≠ŸÑŸä"
"Locale options","ÿÆŸäÿßÿ±ÿßÿ™ ŸÖÿ≠ŸÑŸäÿ©"
"Log Settings","Log Settings"
"Logging from Mage::log(). File is located inÔøΩ{{base_dir}}/var/log","Logging from Mage::log(). File is located inÔøΩ{{base_dir}}/var/log"
"Logging from Mage::logException(). File is located inÔøΩ{{base_dir}}/var/log","Logging from Mage::logException(). File is located inÔøΩ{{base_dir}}/var/log"
"Logo Image Alt","Logo Image Alt"
"Logo Image Src","Logo Image Src"
"Manage Stores","ÿ•ÿØÿßÿ±ÿ© ÿßŸÑŸÖÿ™ÿßÿ¨ÿ±"
"Match expressions in the same order as displayed in the configuration.","Match expressions in the same order as displayed in the configuration."
"Miscellaneous HTML","Miscellaneous HTML"
"Miscellaneous scripts","Miscellaneous scripts"
"Model class does not exist: %s","ŸÜŸÖŸàÿ∞ÿ¨ ŸÖŸÜ ÿßŸÑÿØÿ±ÿ¨ÿ© ŸÑÿß Ÿàÿ¨ŸàÿØ ŸÑŸÑ: %s"
"Model collection resource name is not defined","ŸÜŸÖŸàÿ∞ÿ¨ ÿ¨ŸÖÿπ ÿßŸÑŸÖŸàÿßÿ±ÿØ ÿßÿ≥ŸÖ ÿ∫Ÿäÿ± ŸÖÿ≠ÿØÿØ"
"Module ""%1$s"" can not be depended from ""%2$s""","Module ""%1$s"" can not be depended from ""%2$s"""
"Module ""%1$s"" requires module ""%2$s""","Module ""%1$s"" requires module ""%2$s"""
"Name","ÿßÿ≥ŸÖ"
"New Design Change","ÿ™ÿ∫ŸäŸäÿ± ÿ™ÿµŸÖŸäŸÖ ÿ¨ÿØŸäÿØ"
"New Store","ŸÖÿ™ÿ¨ÿ± ÿ¨ÿØŸäÿØ"
"New Store View","ÿπÿ±ÿ∂ ŸÖÿ™ÿ¨ÿ± ÿ¨ÿØŸäÿØ"
"New Website","ŸÖŸàŸÇÿπ ÿ¨ÿØŸäÿØ"
"No","No"
"Package","ŸÖÿ¨ŸÖŸàÿπÿ©"
"Please choose to register or to checkout as a guest","Please choose to register or to checkout as a guest"
"Please define flag code.","Please define flag code."
"Please enter 6 or more characters.","ŸÖŸÜ ŸÅÿ∂ŸÑŸÉ ŸÇŸÖ ÿ®ÿ•ÿØÿÆÿßŸÑ 6 ÿ£ÿ≠ÿ±ŸÅ ÿ£Ÿà ÿ£ŸÉÿ´ÿ±."
"Please enter 6 or more characters. Leading or trailing spaces will be ignored.","ŸÖŸÜ ŸÅÿ∂ŸÑŸÉ ŸÇŸÖ ÿ®ÿ•ÿØÿÆÿßŸÑ 6 ÿ£ÿ≠ÿ±ŸÅ ÿ£Ÿà ÿ£ŸÉÿ´ÿ±. ÿ≥Ÿäÿ™ŸÖ ÿ™ÿ¨ÿßŸáŸÑ ÿßŸÑŸÖÿ≥ÿßŸÅÿßÿ™ ŸÇÿ®ŸÑ ÿ£Ÿà ÿ®ÿπÿØ ÿßŸÑÿ£ÿ≠ÿ±ŸÅ."
"Please enter a number greater than 0 in this field.","ŸÖŸÜ ŸÅÿ∂ŸÑŸÉ ŸÇŸÖ ÿ®ÿ•ÿØÿÆÿßŸÑ ÿ±ŸÇŸÖ ÿ£ŸÉÿ®ÿ± ŸÖŸÜ 0 ŸÅŸä Ÿáÿ∞ÿß ÿßŸÑÿ≠ŸÇŸÑ."
"Please enter a valid $ amount. For example $100.00.","ÿßŸÑÿ±ÿ¨ÿßÿ° ÿßÿØÿÆÿßŸÑ ÿØŸàŸÑÿßÿ± ŸÖŸÜ ÿßŸÑŸÖÿ®ŸÑÿ∫. ŸÅÿπŸÑŸâ ÿ≥ÿ®ŸäŸÑ ÿßŸÑŸÖÿ´ÿßŸÑ 100ÿå00 ÿØŸàŸÑÿßÿ±.."
"Please enter a valid URL. For example http://www.example.com or www.example.com","ÿßŸÑÿ±ÿ¨ÿßÿ° ÿßÿØÿÆÿßŸÑ ÿπŸÜŸàÿßŸÜ. ŸÅÿπŸÑŸâ ÿ≥ÿ®ŸäŸÑ ÿßŸÑŸÖÿ´ÿßŸÑ http://www.example.com ÿßŸà www.example.com"
"Please enter a valid URL. http:// is required","ÿßŸÑÿ±ÿ¨ÿßÿ° ÿßÿØÿÆÿßŸÑ ÿπŸÜŸàÿßŸÜ. http:// ŸÖÿ∑ŸÑŸàÿ®"
"Please enter a valid credit card number.","ŸÖŸÜ ŸÅÿ∂ŸÑŸÉ ŸÇŸÖ ÿ®ÿ•ÿØÿÆÿßŸÑ ÿ±ŸÇŸÖ ÿ®ÿ∑ÿßŸÇÿ© ÿ•ÿ¶ÿ™ŸÖÿßŸÜ ÿµÿ≠Ÿäÿ≠."
"Please enter a valid date.","ŸÖŸÜ ŸÅÿ∂ŸÑŸÉ ŸÇŸÖ ÿ®ÿ•ÿØÿÆÿßŸÑ ÿ™ÿßÿ±ŸäÿÆ ÿµÿ≠Ÿäÿ≠."
"Please enter a valid email address. For example johndoe@domain.com.","ŸÖŸÜ ŸÅÿ∂ŸÑŸÉ ŸÇŸÖ ÿ®ÿ•ÿØÿÆÿßŸÑ ÿ®ÿ±ŸäÿØ ÿ•ŸÑŸÉÿ™ÿ±ŸàŸÜŸä ÿµÿ≠Ÿäÿ≠. ŸÉŸÖÿ´ÿßŸÑ johndoe@domain.com."
"Please enter a valid number in this field.","ŸÖŸÜ ŸÅÿ∂ŸÑŸÉ ŸÇŸÖ ÿ®ÿ•ÿØÿÆÿßŸÑ ÿ±ŸÇŸÖ ÿµÿ≠Ÿäÿ≠ ŸÅŸä Ÿáÿ∞ÿß ÿßŸÑÿ≠ŸÇŸÑ."
"Please enter a valid phone number. For example (123) 456-7890 or 123-456-7890.","ŸÖŸÜ ŸÅÿ∂ŸÑŸÉ ŸÇŸÖ ÿ®ÿ•ÿØÿÆÿßŸÑ ÿ±ŸÇŸÖ Ÿáÿßÿ™ŸÅ ÿµÿ≠Ÿäÿ≠. ŸÉŸÖÿ´ÿßŸÑ (123) 456-7890 ÿ£Ÿà 123-456-7890."
"Please enter a valid social security number. For example 123-45-6789.","ÿßŸÑÿ±ÿ¨ÿßÿ° ÿßÿØÿÆÿßŸÑ ÿ±ŸÇŸÖ ÿßŸÑÿ∂ŸÖÿßŸÜ ÿßŸÑÿßÿ¨ÿ™ŸÖÿßÿπŸä. ŸÅÿπŸÑŸâ ÿ≥ÿ®ŸäŸÑ ÿßŸÑŸÖÿ´ÿßŸÑ 123-45-6789."
"Please enter a valid zip code.","ÿßŸÑÿ±ÿ¨ÿßÿ° ÿ•ÿØÿÆÿßŸÑ ÿßŸÑÿ±ŸÖÿ≤ ÿßŸÑÿ®ÿ±ŸäÿØŸä."
"Please enter a valid zip code. For example 90602 or 90602-1234.","ÿßŸÑÿ±ÿ¨ÿßÿ° ÿ•ÿØÿÆÿßŸÑ ÿßŸÑÿ±ŸÖÿ≤ ÿßŸÑÿ®ÿ±ŸäÿØŸä. ŸÅÿπŸÑŸâ ÿ≥ÿ®ŸäŸÑ ÿßŸÑŸÖÿ´ÿßŸÑ 90602 ÿßŸà 90602-1234."
"Please enter valid password.","ŸÖŸÜ ŸÅÿ∂ŸÑŸÉ ŸÇŸÖ ÿ®ÿ•ÿØÿÆÿßŸÑ ŸÉŸÑŸÖÿ© ŸÖÿ±Ÿàÿ± ÿµÿ≠Ÿäÿ≠ÿ©."
"Please make sure that Base URL ends with '/' (slash), e.g. http://yourdomain/magento/","Please make sure that Base URL ends with '/' (slash), e.g. http://yourdomain/magento/"
"Please make sure your passwords match.","ŸÖŸÜ ŸÅÿ∂ŸÑŸÉ ÿ™ÿ£ŸÉÿØ ŸÖŸÜ ÿ™ÿ∑ÿßÿ®ŸÇ ŸÉŸÑŸÖÿ© ÿßŸÑŸÖÿ±Ÿàÿ±."
"Please select State/Province.","ŸÖŸÜ ŸÅÿ∂ŸÑŸÉ ÿßÿÆÿ™ÿ± ŸàŸÑÿßŸäÿ©/ŸÖŸÇÿßÿ∑ÿπÿ©."
"Please select an option.","ŸÅÿ∂ŸÑÿß ÿßÿÆÿ™ÿ± ÿÆŸäÿßÿ± ."
"Please select one of the above options.","ŸÅÿ∂ŸÑÿß ÿßÿÆÿ™ÿßÿ± ŸÖŸÜ ÿßŸÑÿÆŸäÿßÿ±ÿßÿ™ ÿßŸÑŸÖŸàÿ¨ŸàÿØŸá ŸÅŸä ÿßŸÑÿßÿπŸÑŸâ."
"Please select one of the options.","ŸÅÿ∂ŸÑÿß ÿßÿÆÿ™ÿßÿ± Ÿàÿßÿ≠ÿØ ŸÖŸÜ ÿßŸÑÿÆŸäÿßÿ±ÿßÿ™."
"Please specify payment method.","Please specify payment method."
"Please specify shipping method.","Please specify shipping method."
"Please use letters only (a-z or A-Z) in this field.","Please use letters only (a-z or A-Z) in this field."
"Please use letters only (a-z) in this field.","ŸÅÿ∂ŸÑÿß ÿßÿ≥ÿ™ÿÆÿØŸÖ ÿßŸÑÿ≠ÿ±ŸàŸÅ ŸÖŸÜ (ÿß-Ÿä )ŸÅŸä Ÿáÿ∞Ÿá ÿßŸÑÿÆÿßŸÜŸá."
"Please use numbers only in this field. please avoid spaces or other characters such as dots or commas.","ŸÖŸÜ ŸÅÿ∂ŸÑŸÉ ŸÇŸÖ ÿ®ÿßÿ≥ÿ™ÿÆÿØÿßŸÖ ÿ£ÿ±ŸÇÿßŸÖ ŸÅŸÇÿ∑ ŸÅŸä Ÿáÿ∞ÿß ÿßŸÑÿ≠ŸÇŸÑ. ŸÖŸÜ ŸÅÿ∂ŸÑŸÉ ÿ™ÿ¨ŸÜÿ® ÿßÿ≥ÿ™ÿÆÿØÿßŸÖ ÿßŸÑŸÖÿ≥ÿßŸÅÿßÿ™ ÿ£Ÿà ÿ£Ÿä ÿ±ŸÖŸàÿ≤ ÿ£ÿÆÿ±Ÿâ ŸÉÿßŸÑŸÜŸÇÿßÿ∑ ÿ£Ÿà ÿßŸÑŸÅŸàÿßÿµŸÑ."
"Please use only letters (a-z) or numbers (0-9) only in this field. No spaces or other characters are allowed.","ÿßŸÑÿ±ÿ¨ÿßÿ° ÿßÿ≥ÿ™ÿÆÿØÿßŸÖ ÿßŸÑÿ≠ÿ±ŸàŸÅ (ŸÖŸÜ ÿßŸÑÿßŸÑŸÅ ÿßŸÑŸâ ÿßŸÑŸäÿßÿ° ÿßŸÑÿßŸÇÿßŸÖÿ©) ÿßŸà ÿßÿ±ŸÇÿßŸÖ (0-9) ÿßŸÑÿß ŸÅŸä Ÿáÿ∞ÿß ÿßŸÑŸÖŸäÿØÿßŸÜ. ÿ£Ÿä ŸÅÿ±ÿßÿ∫ÿßÿ™ ÿßŸà ÿßŸÑÿ¥ÿÆÿµŸäÿßÿ™ ÿßŸÑÿ£ÿÆÿ±Ÿâ Ÿäÿ≥ŸÖÿ≠ ŸÑŸÑ."‚Ä¶
"Featured Products At Khodarji","ÿßŸÑŸÖŸÜÿ™ÿ¨ÿßÿ™ ÿßŸÑŸÖŸÖŸäÿ≤ÿ© ŸÅŸä ÿÆÿ∂ÿ±ÿ¨Ÿä"
"Best Selling At Khodarji","ÿßŸÑÿ£ŸÉÿ´ÿ± ŸÖÿ®Ÿäÿπÿß ŸÅŸä ÿÆÿ∂ÿ±ÿ¨Ÿä"
"You Can Checkout Your Order Now","ÿ™ÿ≥ÿ™ÿ∑Ÿäÿπ ÿßÿ™ŸÖÿßŸÖ ÿπŸÖŸÑŸäÿ© ÿßŸÑÿ¥ÿ±ÿßÿ° ÿßŸÑÿ£ŸÜ"
"Discount on","ÿÆÿµŸÖ ÿπŸÑŸâ"
"Logout","ÿ™ÿ≥ÿ¨ŸäŸÑ ÿßŸÑÿÆÿ±Ÿàÿ¨"
"Cart","ÿπÿ±ÿ®ÿ© ÿßŸÑÿ™ÿ≥ŸàŸÇ"
"Overview","ŸàÿµŸÅ ÿßŸÑŸÖŸÜÿ™ÿ¨"
"Checkout Now","ÿ•ŸÜŸáÿßÿ° ÿßŸÑÿ¥ÿ±ÿßÿ°"
"Join us","ÿ•ŸÜÿ∂ŸÖ ŸÑŸÜÿß"
"And get our amazing offers","Ÿàÿßÿ≠ÿµŸÑ ÿπŸÑŸâ ÿßŸÅÿ∂ŸÑ ÿßŸÑÿπÿ±Ÿàÿ∂"
"Email Address","ÿßŸÑÿ®ÿ±ŸäÿØ ÿßŸÑÿ•ŸÑŸÉÿ™ÿ±ŸàŸÜŸä"
"Register","ÿ™ÿ≥ÿ¨ŸäŸÑ"
"Claim your free gift here","ÿßÿ∑ŸÑÿ® ŸáÿØŸäÿ™ŸÉ ŸÖÿ¨ÿßŸÜÿß ŸáŸÜÿß"
"You are just a few steps away:","ÿßŸÜÿ™ ÿπŸÑŸâ ÿ®ÿπÿØ ÿÆÿ∑Ÿàÿßÿ™ ÿ®ÿ≥Ÿäÿ∑Ÿá ŸÖŸÜ ÿßŸÑŸáÿØŸäÿ© ÿßŸÑŸÖÿ¨ÿßŸÜŸäÿ©"
"Register with us.","ÿ≥ÿ¨ŸÑ ŸÖÿπŸÜÿß."
"Place your order of 20 JODs or more (No credit card needed! Cash on delivery)","ŸÇŸÖ ÿßŸÑÿßŸÜ ÿ®ÿπŸÖŸÑ ÿ∑ŸÑÿ® ÿ®Ÿ¢Ÿ† ÿØŸäŸÜÿßÿ± ÿßŸà ÿßŸÉÿ´ÿ± (ŸÑÿß ÿØÿßÿπŸä ŸÑŸÑÿ®ÿ∑ÿßŸÇÿ© ÿßŸÑÿ•ÿ™ŸÖÿßŸÜŸäÿ©! ÿßŸÑÿØŸÅÿπ ÿπŸÜÿØ ÿßŸÑÿ™ÿ≥ŸÑŸäŸÖ)."
"Receive your free gift worth about 10 JODs","ÿßÿ≠ÿµŸÑ ÿπŸÑŸâ ŸáÿØŸäÿ© ŸÖÿ¨ÿßŸÜÿß ÿ®ŸÇŸäŸÖÿ© Ÿ°Ÿ† ÿØŸÜÿßŸÜŸäÿ±"
"Don't forget to provide your address and correct phone number when you place your order. Your free gift and your order will be delivered to your door.","ŸÑÿß ÿ™ŸÜÿ≥Ÿâ ÿßŸÜ ÿ™ÿ∂ÿπ ÿπŸÜŸàÿßŸÜ Ÿàÿ±ŸÇŸÖ Ÿáÿßÿ™ŸÅ ÿµÿ≠Ÿäÿ≠ŸäŸÜ ÿπŸÜÿØ ÿπŸÖŸÑ ÿßŸÑÿ∑ŸÑÿ®ÿå ŸáÿØŸäÿ™ŸÉ ÿßŸÑŸÖÿ¨ÿßŸÜŸäÿ© Ÿàÿ∑ŸÑÿ®ŸÉ ÿ≥ŸàŸÅ ŸäŸÉŸàŸÜÿß ÿπŸÜÿØ ÿ®ÿßÿ® ÿ®Ÿäÿ™ŸÉ"
"The surprise gift content description:","ÿßŸÑŸáÿØŸäÿ© ÿßŸÑŸÖŸÖŸäÿ≤ÿ© ŸÖŸÉŸàŸÜÿ© ŸÖŸÜ:"
"Fresh berries cup","ŸÉŸàÿ® ŸÖŸÜ ÿßŸÑÿ™Ÿàÿ™ ÿßŸÑÿ∑ÿßÿ≤ÿ≠"
"Ritter Sport chocolate bars","ÿ¥ŸàŸÉŸàŸÑÿßŸá ÿ±Ÿäÿ™ÿßÿ±ÿ≤ÿ≥ÿ®Ÿàÿ±ÿ™"
"Exotic fresh juice","ÿπÿµŸäÿ± ÿßŸÉÿ≥ÿ≤Ÿàÿ™ŸÉ ÿßŸÑÿ∑ÿ®ŸäÿπŸä"
"2 Yummy Earth lollipops","Ÿ¢ ŸÖÿµÿßÿµ ŸäŸÖŸä ÿßŸäÿ±ÿ´"
"Close","ÿßÿ∫ŸÑÿßŸÇ"
"Up to 30% discount on the berries package","ÿÆÿµŸàŸÖÿßÿ™ ÿ™ÿµŸÑ ÿ•ŸÑŸâ Ÿ£Ÿ†Ÿ™ ÿπŸÑŸâ ŸÖÿ¨ŸÖŸàÿπÿ© ÿßŸÑÿ™Ÿàÿ™ ÿßŸÑÿ±ÿßÿ¶ÿπŸá"
"The coupon code has been sent to your email","ÿ™ŸÖ ÿßÿ±ÿ≥ÿßŸÑ ŸÉŸàÿ®ŸàŸÜ ÿßŸÑÿÆÿµŸÖ ŸÑÿ®ÿ±ŸäÿØŸÉ ÿßŸÑÿ•ŸÑŸÉÿ™ÿ±ŸàŸÜŸä"
"Your Language","اللغة:"
"Your Language:","اللغة:"
"Start Shopping:","ابدأ التسوق:"
"All Categories","كل المجموعات"
"Or","او"
"Start Selling:","ابدأ بالبيع:"
"Sell an Item","اعرض منتجاتك للبيع"
"Featured Items","المنتجات المميزة"